region,version,rank,code,count,percent
A1,A,1,b1i,6,6.741573033707865
A1,A,2,b3j,4,4.49438202247191
A1,A,3,b4i,3,3.3707865168539324
A1,A,4,a5uyf,2,2.247191011235955
A1,A,5,a5tye,2,2.247191011235955
A1,A,6,d2j,2,2.247191011235955
A1,A,7,c1zf,2,2.247191011235955
A1,A,8,d2k,2,2.247191011235955
A1,A,9,a4vyf,2,2.247191011235955
A1,A,10,d1m,2,2.247191011235955
A1,A,11,a5uze,2,2.247191011235955
A1,A,12,b2e,2,2.247191011235955
A1,A,13,b1f,2,2.247191011235955
A1,A,14,a2wyf,1,1.1235955056179776
A1,A,15,b1l,1,1.1235955056179776
A1,A,16,d2l,1,1.1235955056179776
A1,A,17,c2xN,1,1.1235955056179776
A1,A,18,a4txf,1,1.1235955056179776
A1,A,19,c1yj,1,1.1235955056179776
A1,A,20,a2txf,1,1.1235955056179776
A1,A,21,a1vxe,1,1.1235955056179776
A1,A,22,a2tyj,1,1.1235955056179776
A1,A,23,a2wzf,1,1.1235955056179776
A1,A,24,a2wxi,1,1.1235955056179776
A1,A,25,z1i,1,1.1235955056179776
A1,A,26,a3vze,1,1.1235955056179776
A1,A,27,a4uze,1,1.1235955056179776
A1,A,28,b1g,1,1.1235955056179776
A1,A,29,z1h,1,1.1235955056179776
A1,A,30,a4tze,1,1.1235955056179776
A1,A,31,N,1,1.1235955056179776
A1,A,32,a1uxf,1,1.1235955056179776
A1,A,33,f,1,1.1235955056179776
A1,A,34,a1tze,1,1.1235955056179776
A1,A,35,a5txe,1,1.1235955056179776
A1,A,36,a1txi,1,1.1235955056179776
A1,A,37,a4tzf,1,1.1235955056179776
A1,A,38,a2tyi,1,1.1235955056179776
A1,A,39,d2i,1,1.1235955056179776
A1,A,40,a4tyi,1,1.1235955056179776
A1,A,41,a1txj,1,1.1235955056179776
A1,A,42,ayj,1,1.1235955056179776
A1,A,43,a3uzf,1,1.1235955056179776
A1,A,44,c1xj,1,1.1235955056179776
A1,A,45,a1vyh,1,1.1235955056179776
A1,A,46,b2i,1,1.1235955056179776
A1,A,47,a3vzf,1,1.1235955056179776
A1,A,48,c1yi,1,1.1235955056179776
A1,A,49,a3tyf,1,1.1235955056179776
A1,A,50,a3tzh,1,1.1235955056179776
A1,A,51,c1ye,1,1.1235955056179776
A1,A,52,c2ze,1,1.1235955056179776
A1,A,53,a4vzf,1,1.1235955056179776
A1,A,54,a1txh,1,1.1235955056179776
A1,A,55,a5uxf,1,1.1235955056179776
A1,A,56,c1yf,1,1.1235955056179776
A1,A,57,a1wyi,1,1.1235955056179776
A1,A,58,c2xe,1,1.1235955056179776
A1,A,59,c1ze,1,1.1235955056179776
A1,A,60,ae,1,1.1235955056179776
A1,A,61,Ra3vzfLb1f,1,1.1235955056179776
A1,A,62,Ra4vxiLa4txi,1,1.1235955056179776
A1,A,63,b3k,1,1.1235955056179776
A1,A,64,a2vye,1,1.1235955056179776
A1,A,65,b2l,1,1.1235955056179776
A1,A,66,b3i,1,1.1235955056179776
A1,A,67,a1txg,1,1.1235955056179776
A1,A,68,i,1,1.1235955056179776
A1,A,69,a2tyf,1,1.1235955056179776
A1,B,1,b1i,6,6.818181818181818
A1,B,2,b3j,4,4.545454545454546
A1,B,3,b4i,3,3.409090909090909
A1,B,4,a5tye,2,2.272727272727273
A1,B,5,d2j,2,2.272727272727273
A1,B,6,d2k,2,2.272727272727273
A1,B,7,a5uyf,2,2.272727272727273
A1,B,8,a4vyf,2,2.272727272727273
A1,B,9,d1m,2,2.272727272727273
A1,B,10,a5uze,2,2.272727272727273
A1,B,11,b2e,2,2.272727272727273
A1,B,12,b1f,2,2.272727272727273
A1,B,13,c1zf,2,2.272727272727273
A1,B,14,b1l,1,1.1363636363636365
A1,B,15,a1txi,1,1.1363636363636365
A1,B,16,d2l,1,1.1363636363636365
A1,B,17,a2txf,1,1.1363636363636365
A1,B,18,c1yj,1,1.1363636363636365
A1,B,19,a1vxe,1,1.1363636363636365
A1,B,20,c2xN,1,1.1363636363636365
A1,B,21,a2wzf,1,1.1363636363636365
A1,B,22,a2wxi,1,1.1363636363636365
A1,B,23,a4txf,1,1.1363636363636365
A1,B,24,a2tyj,1,1.1363636363636365
A1,B,25,b1g,1,1.1363636363636365
A1,B,26,a3vze,1,1.1363636363636365
A1,B,27,z1h,1,1.1363636363636365
A1,B,28,z1i,1,1.1363636363636365
A1,B,29,a4tze,1,1.1363636363636365
A1,B,30,a4uze,1,1.1363636363636365
A1,B,31,a1uxf,1,1.1363636363636365
A1,B,32,f,1,1.1363636363636365
A1,B,33,a1tze,1,1.1363636363636365
A1,B,34,a5txe,1,1.1363636363636365
A1,B,35,a4tzf,1,1.1363636363636365
A1,B,36,a2wyf,1,1.1363636363636365
A1,B,37,a2tyi,1,1.1363636363636365
A1,B,38,d2i,1,1.1363636363636365
A1,B,39,a4tyi,1,1.1363636363636365
A1,B,40,a1txj,1,1.1363636363636365
A1,B,41,ayj,1,1.1363636363636365
A1,B,42,a3uzf,1,1.1363636363636365
A1,B,43,c1xj,1,1.1363636363636365
A1,B,44,a1vyh,1,1.1363636363636365
A1,B,45,b2i,1,1.1363636363636365
A1,B,46,a3vzf,1,1.1363636363636365
A1,B,47,c1yi,1,1.1363636363636365
A1,B,48,a3tyf,1,1.1363636363636365
A1,B,49,a3tzh,1,1.1363636363636365
A1,B,50,c1ye,1,1.1363636363636365
A1,B,51,c2ze,1,1.1363636363636365
A1,B,52,a4vzf,1,1.1363636363636365
A1,B,53,a1txh,1,1.1363636363636365
A1,B,54,a5uxf,1,1.1363636363636365
A1,B,55,c1yf,1,1.1363636363636365
A1,B,56,a1wyi,1,1.1363636363636365
A1,B,57,c2xe,1,1.1363636363636365
A1,B,58,c1ze,1,1.1363636363636365
A1,B,59,ae,1,1.1363636363636365
A1,B,60,Ra3vzfLb1f,1,1.1363636363636365
A1,B,61,Ra4vxiLa4txi,1,1.1363636363636365
A1,B,62,b3k,1,1.1363636363636365
A1,B,63,a2vye,1,1.1363636363636365
A1,B,64,b2l,1,1.1363636363636365
A1,B,65,b3i,1,1.1363636363636365
A1,B,66,a1txg,1,1.1363636363636365
A1,B,67,i,1,1.1363636363636365
A1,B,68,a2tyf,1,1.1363636363636365
A1,C,1,b1i,6,7.0588235294117645
A1,C,2,b3j,4,4.705882352941177
A1,C,3,b4i,3,3.5294117647058822
A1,C,4,a5tye,2,2.3529411764705883
A1,C,5,b1f,2,2.3529411764705883
A1,C,6,d1m,2,2.3529411764705883
A1,C,7,a4vyf,2,2.3529411764705883
A1,C,8,d2k,2,2.3529411764705883
A1,C,9,a5uyf,2,2.3529411764705883
A1,C,10,a5uze,2,2.3529411764705883
A1,C,11,c1zf,2,2.3529411764705883
A1,C,12,d2j,2,2.3529411764705883
A1,C,13,b2e,2,2.3529411764705883
A1,C,14,d2l,1,1.1764705882352942
A1,C,15,a4tzf,1,1.1764705882352942
A1,C,16,c1yj,1,1.1764705882352942
A1,C,17,a1txi,1,1.1764705882352942
A1,C,18,a4txf,1,1.1764705882352942
A1,C,19,a2txf,1,1.1764705882352942
A1,C,20,a1vxe,1,1.1764705882352942
A1,C,21,a2wxi,1,1.1764705882352942
A1,C,22,z1h,1,1.1764705882352942
A1,C,23,a2wzf,1,1.1764705882352942
A1,C,24,a2tyj,1,1.1764705882352942
A1,C,25,z1i,1,1.1764705882352942
A1,C,26,a4uze,1,1.1764705882352942
A1,C,27,a3vze,1,1.1764705882352942
A1,C,28,b1g,1,1.1764705882352942
A1,C,29,a4tze,1,1.1764705882352942
A1,C,30,a1uxf,1,1.1764705882352942
A1,C,31,a1tze,1,1.1764705882352942
A1,C,32,b1l,1,1.1764705882352942
A1,C,33,a2wyf,1,1.1764705882352942
A1,C,34,d2i,1,1.1764705882352942
A1,C,35,a5txe,1,1.1764705882352942
A1,C,36,a2tyi,1,1.1764705882352942
A1,C,37,a4tyi,1,1.1764705882352942
A1,C,38,a1vyh,1,1.1764705882352942
A1,C,39,ayj,1,1.1764705882352942
A1,C,40,a1txj,1,1.1764705882352942
A1,C,41,c1xj,1,1.1764705882352942
A1,C,42,a3vzf,1,1.1764705882352942
A1,C,43,a3uzf,1,1.1764705882352942
A1,C,44,c1yi,1,1.1764705882352942
A1,C,45,b2i,1,1.1764705882352942
A1,C,46,a3tyf,1,1.1764705882352942
A1,C,47,a3tzh,1,1.1764705882352942
A1,C,48,c1ye,1,1.1764705882352942
A1,C,49,c2ze,1,1.1764705882352942
A1,C,50,a4vzf,1,1.1764705882352942
A1,C,51,a1txh,1,1.1764705882352942
A1,C,52,a5uxf,1,1.1764705882352942
A1,C,53,c1yf,1,1.1764705882352942
A1,C,54,a1wyi,1,1.1764705882352942
A1,C,55,c2xe,1,1.1764705882352942
A1,C,56,c1ze,1,1.1764705882352942
A1,C,57,ae,1,1.1764705882352942
A1,C,58,Ra3vzfLb1f,1,1.1764705882352942
A1,C,59,Ra4vxiLa4txi,1,1.1764705882352942
A1,C,60,b3k,1,1.1764705882352942
A1,C,61,a2vye,1,1.1764705882352942
A1,C,62,b2l,1,1.1764705882352942
A1,C,63,b3i,1,1.1764705882352942
A1,C,64,a1txg,1,1.1764705882352942
A1,C,65,a2tyf,1,1.1764705882352942
A2,A,1,a1i,7,7.865168539325842
A2,A,2,N,7,7.865168539325842
A2,A,3,a4f,6,6.741573033707865
A2,A,4,a1k,5,5.617977528089888
A2,A,5,a4e,5,5.617977528089888
A2,A,6,a3i,4,4.49438202247191
A2,A,7,a5f,4,4.49438202247191
A2,A,8,a5i,3,3.3707865168539324
A2,A,9,a2f,3,3.3707865168539324
A2,A,10,a5e,3,3.3707865168539324
A2,A,11,a7j,3,3.3707865168539324
A2,A,12,a1f,2,2.247191011235955
A2,A,13,a1e,2,2.247191011235955
A2,A,14,a3e,2,2.247191011235955
A2,A,15,a4j,2,2.247191011235955
A2,A,16,a3f,2,2.247191011235955
A2,A,17,a1j,2,2.247191011235955
A2,A,18,a8i,2,2.247191011235955
A2,A,19,a1h,2,2.247191011235955
A2,A,20,a5j,2,2.247191011235955
A2,A,21,fRa6La1,1,1.1235955056179776
A2,A,22,a7k,1,1.1235955056179776
A2,A,23,a4,1,1.1235955056179776
A2,A,24,a6e,1,1.1235955056179776
A2,A,25,a10e,1,1.1235955056179776
A2,A,26,a2e,1,1.1235955056179776
A2,A,27,Ra1eLa10e,1,1.1235955056179776
A2,A,28,a11e,1,1.1235955056179776
A2,A,29,a2g,1,1.1235955056179776
A2,A,30,a9j,1,1.1235955056179776
A2,A,31,a9i,1,1.1235955056179776
A2,A,32,a5g,1,1.1235955056179776
A2,A,33,a7l,1,1.1235955056179776
A2,A,34,a2i,1,1.1235955056179776
A2,A,35,a4i,1,1.1235955056179776
A2,A,36,a10i,1,1.1235955056179776
A2,A,37,Ra7iLa10,1,1.1235955056179776
A2,A,38,a1g,1,1.1235955056179776
A2,A,39,i,1,1.1235955056179776
A2,A,40,a7f,1,1.1235955056179776
A2,A,41,a3l,1,1.1235955056179776
A2,B,1,a1i,7,8.536585365853659
A2,B,2,a4f,6,7.317073170731708
A2,B,3,a1k,5,6.097560975609756
A2,B,4,a4e,5,6.097560975609756
A2,B,5,a3i,4,4.878048780487805
A2,B,6,a5f,4,4.878048780487805
A2,B,7,a5i,3,3.658536585365854
A2,B,8,a2f,3,3.658536585365854
A2,B,9,a5e,3,3.658536585365854
A2,B,10,a7j,3,3.658536585365854
A2,B,11,a1j,2,2.4390243902439024
A2,B,12,a1e,2,2.4390243902439024
A2,B,13,a3e,2,2.4390243902439024
A2,B,14,a4j,2,2.4390243902439024
A2,B,15,a1f,2,2.4390243902439024
A2,B,16,a3f,2,2.4390243902439024
A2,B,17,a8i,2,2.4390243902439024
A2,B,18,a1h,2,2.4390243902439024
A2,B,19,a5j,2,2.4390243902439024
A2,B,20,a4,1,1.2195121951219512
A2,B,21,fRa6La1,1,1.2195121951219512
A2,B,22,a7k,1,1.2195121951219512
A2,B,23,a10e,1,1.2195121951219512
A2,B,24,a11e,1,1.2195121951219512
A2,B,25,a2e,1,1.2195121951219512
A2,B,26,Ra1eLa10e,1,1.2195121951219512
A2,B,27,a2g,1,1.2195121951219512
A2,B,28,a6e,1,1.2195121951219512
A2,B,29,a9j,1,1.2195121951219512
A2,B,30,a9i,1,1.2195121951219512
A2,B,31,a5g,1,1.2195121951219512
A2,B,32,a7l,1,1.2195121951219512
A2,B,33,a2i,1,1.2195121951219512
A2,B,34,a4i,1,1.2195121951219512
A2,B,35,a10i,1,1.2195121951219512
A2,B,36,Ra7iLa10,1,1.2195121951219512
A2,B,37,a1g,1,1.2195121951219512
A2,B,38,i,1,1.2195121951219512
A2,B,39,a7f,1,1.2195121951219512
A2,B,40,a3l,1,1.2195121951219512
A2,C,1,a1i,7,8.75
A2,C,2,a4f,6,7.5
A2,C,3,a4e,5,6.25
A2,C,4,a1k,5,6.25
A2,C,5,a5f,4,5.0
A2,C,6,a3i,4,5.0
A2,C,7,a5i,3,3.75
A2,C,8,a7j,3,3.75
A2,C,9,a5e,3,3.75
A2,C,10,a2f,3,3.75
A2,C,11,a3e,2,2.5
A2,C,12,a1j,2,2.5
A2,C,13,a1e,2,2.5
A2,C,14,a5j,2,2.5
A2,C,15,a8i,2,2.5
A2,C,16,a1h,2,2.5
A2,C,17,a4j,2,2.5
A2,C,18,a1f,2,2.5
A2,C,19,a3f,2,2.5
A2,C,20,fRa6La1,1,1.25
A2,C,21,a7k,1,1.25
A2,C,22,a10e,1,1.25
A2,C,23,Ra1eLa10e,1,1.25
A2,C,24,a2g,1,1.25
A2,C,25,a6e,1,1.25
A2,C,26,a11e,1,1.25
A2,C,27,a2e,1,1.25
A2,C,28,a9j,1,1.25
A2,C,29,a9i,1,1.25
A2,C,30,a5g,1,1.25
A2,C,31,a7l,1,1.25
A2,C,32,a2i,1,1.25
A2,C,33,a4i,1,1.25
A2,C,34,a10i,1,1.25
A2,C,35,Ra7iLa10,1,1.25
A2,C,36,a1g,1,1.25
A2,C,37,a7f,1,1.25
A2,C,38,a3l,1,1.25
B3,A,1,N,24,26.96629213483146
B3,A,2,b,20,22.471910112359552
B3,A,3,a2a,10,11.235955056179776
B3,A,4,a2,6,6.741573033707865
B3,A,5,a2b,5,5.617977528089888
B3,A,6,P,4,4.49438202247191
B3,A,7,a1b,4,4.49438202247191
B3,A,8,a3a,3,3.3707865168539324
B3,A,9,a1a,3,3.3707865168539324
B3,A,10,a3,2,2.247191011235955
B3,A,11,a1,2,2.247191011235955
B3,A,12,a3b,2,2.247191011235955
B3,A,13,a4b,1,1.1235955056179776
B3,A,14,Ra2bLb,1,1.1235955056179776
B3,A,15,a4a,1,1.1235955056179776
B3,A,16,Pa,1,1.1235955056179776
B3,B,1,b,20,32.78688524590164
B3,B,2,a2a,10,16.39344262295082
B3,B,3,a2,6,9.836065573770492
B3,B,4,a2b,5,8.19672131147541
B3,B,5,a1b,4,6.557377049180328
B3,B,6,a3a,3,4.918032786885246
B3,B,7,a1a,3,4.918032786885246
B3,B,8,a3,2,3.278688524590164
B3,B,9,a1,2,3.278688524590164
B3,B,10,a3b,2,3.278688524590164
B3,B,11,a4b,1,1.639344262295082
B3,B,12,Ra2bLb,1,1.639344262295082
B3,B,13,a4a,1,1.639344262295082
B3,B,14,Pa,1,1.639344262295082
B3,C,1,a2a,10,33.333333333333336
B3,C,2,a2b,5,16.666666666666668
B3,C,3,a1b,4,13.333333333333334
B3,C,4,a3a,3,10.0
B3,C,5,a1a,3,10.0
B3,C,6,a3b,2,6.666666666666667
B3,C,7,a4b,1,3.3333333333333335
B3,C,8,Ra2bLb,1,3.3333333333333335
B3,C,9,a4a,1,3.3333333333333335
B4,A,1,N,17,19.10112359550562
B4,A,2,b2b,11,12.359550561797754
B4,A,3,b2a,9,10.112359550561798
B4,A,4,P,9,10.112359550561798
B4,A,5,d,8,8.98876404494382
B4,A,6,b1a,6,6.741573033707865
B4,A,7,c1b,5,5.617977528089888
B4,A,8,b1b,5,5.617977528089888
B4,A,9,c1,5,5.617977528089888
B4,A,10,c2a,4,4.49438202247191
B4,A,11,c1a,2,2.247191011235955
B4,A,12,c2b,2,2.247191011235955
B4,A,13,c2,1,1.1235955056179776
B4,A,14,b,1,1.1235955056179776
B4,A,15,b2,1,1.1235955056179776
B4,A,16,Rb1aLc2a,1,1.1235955056179776
B4,A,17,Rb1aLd,1,1.1235955056179776
B4,A,18,Rb2bLN,1,1.1235955056179776
B4,B,1,b2b,11,17.46031746031746
B4,B,2,b2a,9,14.285714285714286
B4,B,3,d,8,12.698412698412698
B4,B,4,b1a,6,9.523809523809524
B4,B,5,b1b,5,7.936507936507937
B4,B,6,c1,5,7.936507936507937
B4,B,7,c1b,5,7.936507936507937
B4,B,8,c2a,4,6.349206349206349
B4,B,9,c2b,2,3.1746031746031744
B4,B,10,c1a,2,3.1746031746031744
B4,B,11,c2,1,1.5873015873015872
B4,B,12,b,1,1.5873015873015872
B4,B,13,b2,1,1.5873015873015872
B4,B,14,Rb1aLc2a,1,1.5873015873015872
B4,B,15,Rb1aLd,1,1.5873015873015872
B4,B,16,Rb2bLN,1,1.5873015873015872
B4,C,1,b2b,11,20.0
B4,C,2,b2a,9,16.363636363636363
B4,C,3,d,8,14.545454545454545
B4,C,4,b1a,6,10.909090909090908
B4,C,5,c1b,5,9.090909090909092
B4,C,6,b1b,5,9.090909090909092
B4,C,7,c2a,4,7.2727272727272725
B4,C,8,c1a,2,3.6363636363636362
B4,C,9,c2b,2,3.6363636363636362
B4,C,10,Rb1aLc2a,1,1.8181818181818181
B4,C,11,Rb1aLd,1,1.8181818181818181
B4,C,12,Rb2bLN,1,1.8181818181818181
B5,A,1,N,22,24.719101123595507
B5,A,2,a1b,18,20.224719101123597
B5,A,3,a1a,11,12.359550561797754
B5,A,4,c1,5,5.617977528089888
B5,A,5,c1b,5,5.617977528089888
B5,A,6,P,4,4.49438202247191
B5,A,7,a2a,4,4.49438202247191
B5,A,8,c2a,4,4.49438202247191
B5,A,9,a2b,3,3.3707865168539324
B5,A,10,d,2,2.247191011235955
B5,A,11,c2b,2,2.247191011235955
B5,A,12,c2,1,1.1235955056179776
B5,A,13,b,1,1.1235955056179776
B5,A,14,c1a,1,1.1235955056179776
B5,A,15,a2,1,1.1235955056179776
B5,A,16,Ra1bLa2b,1,1.1235955056179776
B5,A,17,Ra1aLc2a,1,1.1235955056179776
B5,A,18,Ra2bLd,1,1.1235955056179776
B5,A,19,b1a,1,1.1235955056179776
B5,A,20,dl,1,1.1235955056179776
B5,B,1,a1b,18,28.571428571428573
B5,B,2,a1a,11,17.46031746031746
B5,B,3,c1b,5,7.936507936507937
B5,B,4,c1,5,7.936507936507937
B5,B,5,a2a,4,6.349206349206349
B5,B,6,c2a,4,6.349206349206349
B5,B,7,a2b,3,4.761904761904762
B5,B,8,d,2,3.1746031746031744
B5,B,9,c2b,2,3.1746031746031744
B5,B,10,c2,1,1.5873015873015872
B5,B,11,a2,1,1.5873015873015872
B5,B,12,b,1,1.5873015873015872
B5,B,13,c1a,1,1.5873015873015872
B5,B,14,Ra1bLa2b,1,1.5873015873015872
B5,B,15,Ra1aLc2a,1,1.5873015873015872
B5,B,16,Ra2bLd,1,1.5873015873015872
B5,B,17,b1a,1,1.5873015873015872
B5,B,18,dl,1,1.5873015873015872
B5,C,1,a1b,18,33.9622641509434
B5,C,2,a1a,11,20.754716981132077
B5,C,3,c1b,5,9.433962264150944
B5,C,4,a2a,4,7.547169811320755
B5,C,5,c2a,4,7.547169811320755
B5,C,6,a2b,3,5.660377358490566
B5,C,7,c2b,2,3.7735849056603774
B5,C,8,c1a,1,1.8867924528301887
B5,C,9,Ra1bLa2b,1,1.8867924528301887
B5,C,10,Ra1aLc2a,1,1.8867924528301887
B5,C,11,Ra2bLd,1,1.8867924528301887
B5,C,12,b1a,1,1.8867924528301887
B5,C,13,dl,1,1.8867924528301887
C6,A,1,c1g,8,8.98876404494382
C6,A,2,c1f,7,7.865168539325842
C6,A,3,c3i,6,6.741573033707865
C6,A,4,c3g,5,5.617977528089888
C6,A,5,c1i,4,4.49438202247191
C6,A,6,N,4,4.49438202247191
C6,A,7,b1g,4,4.49438202247191
C6,A,8,c1e,3,3.3707865168539324
C6,A,9,c3f,3,3.3707865168539324
C6,A,10,c2g,3,3.3707865168539324
C6,A,11,a3g,3,3.3707865168539324
C6,A,12,a3f,3,3.3707865168539324
C6,A,13,c2j,2,2.247191011235955
C6,A,14,a4g,2,2.247191011235955
C6,A,15,c2i,2,2.247191011235955
C6,A,16,a2e,2,2.247191011235955
C6,A,17,c4g,1,1.1235955056179776
C6,A,18,P,1,1.1235955056179776
C6,A,19,c3e,1,1.1235955056179776
C6,A,20,a3i,1,1.1235955056179776
C6,A,21,c3h,1,1.1235955056179776
C6,A,22,h,1,1.1235955056179776
C6,A,23,ci,1,1.1235955056179776
C6,A,24,a3e,1,1.1235955056179776
C6,A,25,a5g,1,1.1235955056179776
C6,A,26,f,1,1.1235955056179776
C6,A,27,b1i,1,1.1235955056179776
C6,A,28,dk,1,1.1235955056179776
C6,A,29,b1k,1,1.1235955056179776
C6,A,30,a1e,1,1.1235955056179776
C6,A,31,a4h,1,1.1235955056179776
C6,A,32,c1h,1,1.1235955056179776
C6,A,33,b2i,1,1.1235955056179776
C6,A,34,b1e,1,1.1235955056179776
C6,A,35,a4f,1,1.1235955056179776
C6,A,36,b1f,1,1.1235955056179776
C6,A,37,a6f,1,1.1235955056179776
C6,A,38,b2j,1,1.1235955056179776
C6,A,39,e,1,1.1235955056179776
C6,A,40,b1j,1,1.1235955056179776
C6,A,41,c,1,1.1235955056179776
C6,A,42,b2g,1,1.1235955056179776
C6,A,43,b1h,1,1.1235955056179776
C6,A,44,c2h,1,1.1235955056179776
C6,B,1,c1g,8,9.523809523809524
C6,B,2,c1f,7,8.333333333333334
C6,B,3,c3i,6,7.142857142857143
C6,B,4,c3g,5,5.9523809523809526
C6,B,5,b1g,4,4.761904761904762
C6,B,6,c1i,4,4.761904761904762
C6,B,7,c1e,3,3.5714285714285716
C6,B,8,a3f,3,3.5714285714285716
C6,B,9,c3f,3,3.5714285714285716
C6,B,10,c2g,3,3.5714285714285716
C6,B,11,a3g,3,3.5714285714285716
C6,B,12,a2e,2,2.380952380952381
C6,B,13,c2j,2,2.380952380952381
C6,B,14,a4g,2,2.380952380952381
C6,B,15,c2i,2,2.380952380952381
C6,B,16,a3i,1,1.1904761904761905
C6,B,17,c3e,1,1.1904761904761905
C6,B,18,b1i,1,1.1904761904761905
C6,B,19,c3h,1,1.1904761904761905
C6,B,20,h,1,1.1904761904761905
C6,B,21,ci,1,1.1904761904761905
C6,B,22,a3e,1,1.1904761904761905
C6,B,23,a5g,1,1.1904761904761905
C6,B,24,f,1,1.1904761904761905
C6,B,25,dk,1,1.1904761904761905
C6,B,26,c4g,1,1.1904761904761905
C6,B,27,b1k,1,1.1904761904761905
C6,B,28,a1e,1,1.1904761904761905
C6,B,29,a4h,1,1.1904761904761905
C6,B,30,c1h,1,1.1904761904761905
C6,B,31,b2i,1,1.1904761904761905
C6,B,32,b1e,1,1.1904761904761905
C6,B,33,a4f,1,1.1904761904761905
C6,B,34,b1f,1,1.1904761904761905
C6,B,35,a6f,1,1.1904761904761905
C6,B,36,b2j,1,1.1904761904761905
C6,B,37,e,1,1.1904761904761905
C6,B,38,b1j,1,1.1904761904761905
C6,B,39,c,1,1.1904761904761905
C6,B,40,b2g,1,1.1904761904761905
C6,B,41,b1h,1,1.1904761904761905
C6,B,42,c2h,1,1.1904761904761905
C6,C,1,c1g,8,10.0
C6,C,2,c1f,7,8.75
C6,C,3,c3i,6,7.5
C6,C,4,c3g,5,6.25
C6,C,5,b1g,4,5.0
C6,C,6,c1i,4,5.0
C6,C,7,a3f,3,3.75
C6,C,8,c1e,3,3.75
C6,C,9,a3g,3,3.75
C6,C,10,c2g,3,3.75
C6,C,11,c3f,3,3.75
C6,C,12,a2e,2,2.5
C6,C,13,c2j,2,2.5
C6,C,14,a4g,2,2.5
C6,C,15,c2i,2,2.5
C6,C,16,a3i,1,1.25
C6,C,17,dk,1,1.25
C6,C,18,c3h,1,1.25
C6,C,19,ci,1,1.25
C6,C,20,b1i,1,1.25
C6,C,21,c4g,1,1.25
C6,C,22,c3e,1,1.25
C6,C,23,a1e,1,1.25
C6,C,24,a5g,1,1.25
C6,C,25,a3e,1,1.25
C6,C,26,b1k,1,1.25
C6,C,27,c1h,1,1.25
C6,C,28,a4h,1,1.25
C6,C,29,b2i,1,1.25
C6,C,30,b1e,1,1.25
C6,C,31,a4f,1,1.25
C6,C,32,b1f,1,1.25
C6,C,33,a6f,1,1.25
C6,C,34,b2j,1,1.25
C6,C,35,b1j,1,1.25
C6,C,36,b2g,1,1.25
C6,C,37,b1h,1,1.25
C6,C,38,c2h,1,1.25
C7,A,1,c,26,29.213483146067414
C7,A,2,a1,15,16.853932584269664
C7,A,3,b1,13,14.606741573033707
C7,A,4,N,13,14.606741573033707
C7,A,5,b2,8,8.98876404494382
C7,A,6,a3,6,6.741573033707865
C7,A,7,a2,3,3.3707865168539324
C7,A,8,P,3,3.3707865168539324
C7,A,9,a,1,1.1235955056179776
C7,A,10,a4,1,1.1235955056179776
C7,B,1,c,26,35.61643835616438
C7,B,2,a1,15,20.54794520547945
C7,B,3,b1,13,17.80821917808219
C7,B,4,b2,8,10.95890410958904
C7,B,5,a3,6,8.219178082191782
C7,B,6,a2,3,4.109589041095891
C7,B,7,a,1,1.36986301369863
C7,B,8,a4,1,1.36986301369863
C7,C,1,c,26,36.111111111111114
C7,C,2,a1,15,20.833333333333332
C7,C,3,b1,13,18.055555555555557
C7,C,4,b2,8,11.11111111111111
C7,C,5,a3,6,8.333333333333334
C7,C,6,a2,3,4.166666666666667
C7,C,7,a4,1,1.3888888888888888
D8,A,1,a4b5,20,22.471910112359552
D8,A,2,a3,11,12.359550561797754
D8,A,3,a4,10,11.235955056179776
D8,A,4,a3b5,6,6.741573033707865
D8,A,5,a5b5,4,4.49438202247191
D8,A,6,a4b1,4,4.49438202247191
D8,A,7,a6b5,3,3.3707865168539324
D8,A,8,N,3,3.3707865168539324
D8,A,9,a3b3,2,2.247191011235955
D8,A,10,a3b1,2,2.247191011235955
D8,A,11,a3b4,2,2.247191011235955
D8,A,12,a7b5,2,2.247191011235955
D8,A,13,P,2,2.247191011235955
D8,A,14,a1,2,2.247191011235955
D8,A,15,a4b3,1,1.1235955056179776
D8,A,16,a3b2,1,1.1235955056179776
D8,A,17,a3bP,1,1.1235955056179776
D8,A,18,a5,1,1.1235955056179776
D8,A,19,a2b5,1,1.1235955056179776
D8,A,20,a1b1,1,1.1235955056179776
D8,A,21,a6,1,1.1235955056179776
D8,A,22,a4b4,1,1.1235955056179776
D8,A,23,aNb4,1,1.1235955056179776
D8,A,24,a5bN,1,1.1235955056179776
D8,A,25,a8b5,1,1.1235955056179776
D8,A,26,a2b3,1,1.1235955056179776
D8,A,27,a4b2,1,1.1235955056179776
D8,A,28,a8,1,1.1235955056179776
D8,A,29,a5b3,1,1.1235955056179776
D8,A,30,a7,1,1.1235955056179776
D8,B,1,a4b5,20,23.80952380952381
D8,B,2,a3,11,13.095238095238095
D8,B,3,a4,10,11.904761904761905
D8,B,4,a3b5,6,7.142857142857143
D8,B,5,a5b5,4,4.761904761904762
D8,B,6,a4b1,4,4.761904761904762
D8,B,7,a6b5,3,3.5714285714285716
D8,B,8,a3b3,2,2.380952380952381
D8,B,9,a3b4,2,2.380952380952381
D8,B,10,a7b5,2,2.380952380952381
D8,B,11,a3b1,2,2.380952380952381
D8,B,12,a1,2,2.380952380952381
D8,B,13,a3bP,1,1.1904761904761905
D8,B,14,a4b3,1,1.1904761904761905
D8,B,15,a3b2,1,1.1904761904761905
D8,B,16,a5,1,1.1904761904761905
D8,B,17,a2b5,1,1.1904761904761905
D8,B,18,a1b1,1,1.1904761904761905
D8,B,19,a6,1,1.1904761904761905
D8,B,20,a4b4,1,1.1904761904761905
D8,B,21,aNb4,1,1.1904761904761905
D8,B,22,a5bN,1,1.1904761904761905
D8,B,23,a8b5,1,1.1904761904761905
D8,B,24,a2b3,1,1.1904761904761905
D8,B,25,a4b2,1,1.1904761904761905
D8,B,26,a8,1,1.1904761904761905
D8,B,27,a5b3,1,1.1904761904761905
D8,B,28,a7,1,1.1904761904761905
D8,C,1,a4b5,20,37.03703703703704
D8,C,2,a3b5,6,11.11111111111111
D8,C,3,a4b1,4,7.407407407407407
D8,C,4,a5b5,4,7.407407407407407
D8,C,5,a6b5,3,5.555555555555555
D8,C,6,a3b3,2,3.7037037037037037
D8,C,7,a3b4,2,3.7037037037037037
D8,C,8,a7b5,2,3.7037037037037037
D8,C,9,a3b1,2,3.7037037037037037
D8,C,10,a2b5,1,1.8518518518518519
D8,C,11,a4b4,1,1.8518518518518519
D8,C,12,a4b3,1,1.8518518518518519
D8,C,13,a3b2,1,1.8518518518518519
D8,C,14,a1b1,1,1.8518518518518519
D8,C,15,a8b5,1,1.8518518518518519
D8,C,16,a2b3,1,1.8518518518518519
D8,C,17,a4b2,1,1.8518518518518519
D8,C,18,a5b3,1,1.8518518518518519
D9,A,1,a2,39,43.82022471910113
D9,A,2,a4,20,22.471910112359552
D9,A,3,N,12,13.48314606741573
D9,A,4,a3,10,11.235955056179776
D9,A,5,a1,6,6.741573033707865
D9,A,6,P,2,2.247191011235955
D9,B,1,a2,39,52.0
D9,B,2,a4,20,26.666666666666668
D9,B,3,a3,10,13.333333333333334
D9,B,4,a1,6,8.0
D9,C,1,a2,39,52.0
D9,C,2,a4,20,26.666666666666668
D9,C,3,a3,10,13.333333333333334
D9,C,4,a1,6,8.0
