region,n_total,n_empty,n_N,n_P,n_asymmetric,n_partial_ambiguous,n_unambiguous,n_unknown,n_unique,n_unique_sides,top_codes,top_codes_list,top_freq,shannon_entropy_bits,shannon_entropy_bits_sides,gini_simpson,pct_N,pct_P,pct_usable
A1,89,0,1,0,2,3,83,0,65,65,b1i,['b1i'],6,5.841571,5.833523,0.978824,1.12,0.0,98.88
A2,89,0,7,0,3,2,77,0,38,38,"a1i, N","['a1i', 'N']",7,4.929427,4.94239,0.959688,7.87,0.0,92.13
B3,89,0,24,4,1,31,29,0,9,9,N,['N'],24,2.762267,2.752944,0.815556,26.97,4.49,68.54
B4,89,0,17,9,3,8,52,0,12,10,N,['N'],17,3.212048,3.049238,0.874711,19.1,10.11,70.79
B5,89,0,22,4,3,10,50,0,13,11,N,['N'],22,2.945337,2.797371,0.814525,24.72,4.49,70.79
C6,89,0,4,1,0,4,80,0,38,38,c1g,['c1g'],8,4.840111,4.840111,0.954688,4.49,1.12,94.38
C7,89,0,13,3,0,1,72,0,7,7,c,['c'],26,2.375687,2.375687,0.772377,14.61,3.37,82.02
D8,89,0,3,2,0,30,54,0,18,18,a4b5,['a4b5'],20,3.334457,3.334457,0.827846,3.37,2.25,94.38
D9,89,0,12,2,0,0,75,0,4,4,a2,['a2'],39,1.678175,1.678175,0.634311,13.48,2.25,84.27
